tenant1user1@mailinator.com,123456
tenant1user2@mailinator.com,123456
tenant1user3@mailinator.com,123456
tenant1user4@mailinator.com,123456
tenant1user5@mailinator.com,123456
tenant1user6@mailinator.com,123456
tenant1user7@mailinator.com,123456
tenant1user8@mailinator.com,123456
tenant1user9@mailinator.com,123456
tenant1user10@mailinator.com,123456
tenant1user11@mailinator.com,123456
tenant1user12@mailinator.com,123456
tenant1user13@mailinator.com,123456
tenant1user14@mailinator.com,123456
tenant1user15@mailinator.com,123456
tenant1user16@mailinator.com,123456
tenant1user17@mailinator.com,123456
tenant1user18@mailinator.com,123456
tenant1user19@mailinator.com,123456
tenant1user20@mailinator.com,123456
tenant2user1@mailinator.com,123456
tenant2user2@mailinator.com,123456
tenant2user3@mailinator.com,123456
tenant2user4@mailinator.com,123456
tenant2user5@mailinator.com,123456
tenant2user6@mailinator.com,123456
tenant2user7@mailinator.com,123456
tenant2user8@mailinator.com,123456
tenant2user9@mailinator.com,123456
tenant2user10@mailinator.com,123456
tenant2user11@mailinator.com,123456
tenant2user12@mailinator.com,123456
tenant2user13@mailinator.com,123456
tenant2user14@mailinator.com,123456
tenant2user15@mailinator.com,123456
tenant2user16@mailinator.com,123456
tenant2user17@mailinator.com,123456
tenant2user18@mailinator.com,123456
tenant2user19@mailinator.com,123456
tenant2user20@mailinator.com,123456
tenant3user1@mailinator.com,123456
tenant3user2@mailinator.com,123456
tenant3user3@mailinator.com,123456
tenant3user4@mailinator.com,123456
tenant3user5@mailinator.com,123456
tenant3user6@mailinator.com,123456
tenant3user7@mailinator.com,123456
tenant3user8@mailinator.com,123456
tenant3user9@mailinator.com,123456
tenant3user10@mailinator.com,123456
tenant3user11@mailinator.com,123456
tenant3user12@mailinator.com,123456
tenant3user13@mailinator.com,123456
tenant3user14@mailinator.com,123456
tenant3user15@mailinator.com,123456
tenant3user16@mailinator.com,123456
tenant3user17@mailinator.com,123456
tenant3user18@mailinator.com,123456
tenant3user19@mailinator.com,123456
tenant3user20@mailinator.com,123456
tenant4user1@mailinator.com,123456
tenant4user2@mailinator.com,123456
tenant4user3@mailinator.com,123456
tenant4user4@mailinator.com,123456
tenant4user5@mailinator.com,123456
tenant4user6@mailinator.com,123456
tenant4user7@mailinator.com,123456
tenant4user8@mailinator.com,123456
tenant4user9@mailinator.com,123456
tenant4user10@mailinator.com,123456
tenant4user11@mailinator.com,123456
tenant4user12@mailinator.com,123456
tenant4user13@mailinator.com,123456
tenant4user14@mailinator.com,123456
tenant4user15@mailinator.com,123456
tenant4user16@mailinator.com,123456
tenant4user17@mailinator.com,123456
tenant4user18@mailinator.com,123456
tenant4user19@mailinator.com,123456
tenant4user20@mailinator.com,123456
tenant5user1@mailinator.com,123456
tenant5user2@mailinator.com,123456
tenant5user3@mailinator.com,123456
tenant5user4@mailinator.com,123456
tenant5user5@mailinator.com,123456
tenant5user6@mailinator.com,123456
tenant5user7@mailinator.com,123456
tenant5user8@mailinator.com,123456
tenant5user9@mailinator.com,123456
tenant5user10@mailinator.com,123456
tenant5user11@mailinator.com,123456
tenant5user12@mailinator.com,123456
tenant5user13@mailinator.com,123456
tenant5user14@mailinator.com,123456
tenant5user15@mailinator.com,123456
tenant5user16@mailinator.com,123456
tenant5user17@mailinator.com,123456
tenant5user18@mailinator.com,123456
tenant5user19@mailinator.com,123456
tenant5user20@mailinator.com,123456
